day,n_sampled,n_positive,percentage_positive
53,500,4,0.8
105,500,6,1.2
157,500,7,1.4000000000000001
209,500,12,2.4
261,500,13,2.6
313,500,14,2.8000000000000003
